<?xml version="1.0" encoding="UTF-8"?>
<QReport xmlns="http://xmlns.ec.eu/BusinessObjects/CBAM/Types/V1">
    <SubmissionDate>2023-08-08T08:21:14Z</SubmissionDate>
    <ReportingPeriod>Q3</ReportingPeriod>
    <Year>2024</Year>
    <Declarant>
        <IdentificationNumber>BE1457893</IdentificationNumber>
        <Name>Declarant CBAM</Name>
        <Role>02</Role>
        <ActorAddress>
            <SubDivision>Declarant Sub-division</SubDivision>
            <City>Declarant city</City>
            <Street>Declarant Street</Street>
            <StreetAdditionalLine>Declarant Street additional line</StreetAdditionalLine>
            <Number>100</Number>
            <Postcode>DCL-123</Postcode>
            <POBox>PO DCL-123</POBox>
        </ActorAddress>
    </Declarant>
    <Importer>
        <IdentificationNumber>GR293847584930295</IdentificationNumber>
        <Name>Declarant CBAM</Name>
        <ImporterAddress>
            <Country>BE</Country>
            <SubDivision>Declarant Sub-division</SubDivision>
            <City>Declarant city</City>
            <Street>Declarant Street</Street>
            <StreetAdditionalLine>Declarant Street additional line</StreetAdditionalLine>
            <Number>100</Number>
            <Postcode>DCL-123</Postcode>
            <POBox>PO DCL-123</POBox>
        </ImporterAddress>
    </Importer>
    <Signatures>
        <ReportConfirmation>
            <GlobalDataConfirmation>true</GlobalDataConfirmation>
            <UseOfDataConfirmation>true</UseOfDataConfirmation>
            <SignaturePlace>Place of signature</SignaturePlace>
            <Signature>Signature (Full Name)</Signature>
            <PositionOfPersonSending>Position of person signing</PositionOfPersonSending>
        </ReportConfirmation>
        <ApplicableMethodologyConfirmation>
            <OtherApplicableReportingMethodology>true</OtherApplicableReportingMethodology>
        </ApplicableMethodologyConfirmation>
    </Signatures>
    <Representative>
        <IdentificationNumber>PL954256885900000</IdentificationNumber>
        <Name>Representative CBAM</Name>
        <RepresentativeAddress>
            <Country>BE</Country>
            <SubDivision>Representative Sub-division</SubDivision>
            <City>Representative city</City>
            <Street>Representative Street</Street>
            <StreetAdditionalLine>Representative Street additional line</StreetAdditionalLine>
            <Number>100</Number>
            <Postcode>DCL-123</Postcode>
            <POBox>PO DCL-123</POBox>
        </RepresentativeAddress>
    </Representative>
    <ImportedGood>
        <ItemNumber>1</ItemNumber>
        <CommodityCode>
            <HsCode>760900</HsCode>
            <CnCode>76090000</CnCode>
            <CommodityDetails />
        </CommodityCode>
        <OriginCountry>
            <Country>TR</Country>
        </OriginCountry>
        <ImportedQuantity>
            <SequenceNumber>1</SequenceNumber>
            <Procedure>
                <RequestedProc>44</RequestedProc>
                <PreviousProc>48</PreviousProc>
            </Procedure>
            <ImportArea>
                <ImportArea>EU</ImportArea>
            </ImportArea>
            <MeasureProcedureImported>
                <Indicator>0</Indicator>
                <NetMass>5.48</NetMass>
                <MeasurementUnit>01</MeasurementUnit>
            </MeasureProcedureImported>
            <SpecialReferences>
                <AdditionalInformation>Special references for goods</AdditionalInformation>
            </SpecialReferences>
        </ImportedQuantity>
        <MeasureImported>
            <NetMass>5.48</NetMass>
            <MeasurementUnit>01</MeasurementUnit>
        </MeasureImported>
 		<SupportingDocuments>
         <SequenceNumber>1</SequenceNumber>
         <Type>01</Type>
         <Country>CA</Country>
         <ReferenceNumber>01 Reference number</ReferenceNumber>
         <LineItemNumber>88888</LineItemNumber>
         <IssuingAuthName>Issuing authority name</IssuingAuthName>
         <ValidityStartDate>2024-01-01</ValidityStartDate>
         <ValidityEndDate>2024-01-01</ValidityEndDate>
         <Description>Description</Description>
		 <Attachment>
		    <Filename>Supporting_document_01.docx</Filename>
		    <MIME>application/vnd.openxmlformats-officedocument.wordprocessingml.document</MIME>
            <Binary />
		 </Attachment>
		 </SupportingDocuments>
        <Remarks>
            <AdditionalInformation>Goods' additional information</AdditionalInformation>
        </Remarks>
        <GoodsEmissions>
            <SequenceNumber>1</SequenceNumber>
            <ProductionCountry>TR</ProductionCountry>
            <InstallationOperator>
                <OperatorId>OP04-0001</OperatorId>
                <OperatorName>TR Steel Operator LTD</OperatorName>
                <OperatorAddress>
                    <Country>TR</Country>
                    <SubDivision>Turkey Subdivision</SubDivision>
                    <City>Istanbul</City>
                    <Street>Istanbul Street</Street>
                    <StreetAdditionalLine>Istanbul Street Additional line</StreetAdditionalLine>
                    <Number>4</Number>
                    <Postcode>34025</Postcode>
                    <POBox>PO BOX 34025</POBox>
                </OperatorAddress>
                <ContactDetails>
                    <Name>OP04-0001 Contact name</Name>
                    <Phone>901234567</Phone>
                    <Email>OP04-0001@cbam.com</Email>
                </ContactDetails>
            </InstallationOperator>
            <Installation>
                <InstallationId>IN03</InstallationId>
                <InstallationName>Augusta Steel INC</InstallationName>
                <Address>
                    <EstablishmentCountry>TR</EstablishmentCountry>
                    <SubDivision>Turkey Sub-division</SubDivision>
                    <City>Istanbul</City>
                    <Street>Istanbul Street</Street>
                    <StreetAdditionalLine>Istanbul Street Additional line</StreetAdditionalLine>
                    <Number>5</Number>
                    <Postcode>200042</Postcode>
                    <POBox>PO BOX 200042</POBox>
                    <PlotParcelNumber>IN03-200042</PlotParcelNumber>
                    <Latitude>41.0091982</Latitude>
                    <Longitude>28.9662187</Longitude>
                    <CoordinatesType>01</CoordinatesType>
                </Address>
            </Installation>
            <ProducedMeasure>
                <NetMass>5.48</NetMass>
                <MeasurementUnit>01</MeasurementUnit>
            </ProducedMeasure>
            <DirectEmissions>
                <DeterminationType>01</DeterminationType>
                <ApplicableReportingTypeMethodology>TOM02</ApplicableReportingTypeMethodology>
                <ApplicableReportingMethodology>Applicable reporting methodology</ApplicableReportingMethodology>
                <SpecificEmbeddedEmissions>2.35</SpecificEmbeddedEmissions>
                <MeasurementUnit>EMU1</MeasurementUnit>
            </DirectEmissions>
            <IndirectEmissions>
                <DeterminationType>01</DeterminationType>
                <EmissionFactorSource>01</EmissionFactorSource>
                <EmissionFactor>3.21</EmissionFactor>
                <SpecificEmbeddedEmissions>8.025</SpecificEmbeddedEmissions>
                <MeasurementUnit>EMU1</MeasurementUnit>
                <ElectricityConsumed>2.5</ElectricityConsumed>
                <ElectricitySource>SOE03</ElectricitySource>
                <OtherSourceIndication>Other source indication</OtherSourceIndication>
                <EmissionFactorSourceValue>Source of emissions factor value</EmissionFactorSourceValue>
            </IndirectEmissions>
            <ProdMethodQualifyingParams>
                <SequenceNumber>1</SequenceNumber>
                <MethodId>P45</MethodId>
                <DirectQualifyingParameters>
                    <SequenceNumber>1</SequenceNumber>
                    <ParameterId>QPD21</ParameterId>
                    <ParameterValue>9</ParameterValue>
                </DirectQualifyingParameters>
                <DirectQualifyingParameters>
                    <SequenceNumber>2</SequenceNumber>
                    <ParameterId>QPD22</ParameterId>
                    <ParameterValue>9</ParameterValue>
                </DirectQualifyingParameters>
                <Year>2024</Year>
            </ProdMethodQualifyingParams>
            
			<SupportingDocuments>
            <SequenceNumber>1</SequenceNumber>
            <Type>TED02</Type>
            <Country>CA</Country>
            <ReferenceNumber>TED02 Reference number</ReferenceNumber>
            <LineItemNumber>12345</LineItemNumber>
            <IssuingAuthName>Issuing authority name</IssuingAuthName>
            <ValidityStartDate>2024-01-01</ValidityStartDate>
            <ValidityEndDate>2024-01-01</ValidityEndDate>
            <Description>Description</Description>
			<Attachment>
			<Filename>Supporting_document_02.pdf</Filename>
			<MIME>application/pdf</MIME>
            <Binary />
			</Attachment>
         </SupportingDocuments>
            <RemarksEmissions>
                <SequenceNumber>0</SequenceNumber>
                <AdditionalInformation>Additional information</AdditionalInformation>
            </RemarksEmissions>
        </GoodsEmissions>
       
    </ImportedGood>
    <ImportedGood>
        <ItemNumber>2</ItemNumber>
        <CommodityCode>
            <HsCode>280410</HsCode>
            <CnCode>28041000</CnCode>
            <CommodityDetails />
        </CommodityCode>
        <OriginCountry>
            <Country>US</Country>
        </OriginCountry>
        <ImportedQuantity>
            <SequenceNumber>1</SequenceNumber>
            <Procedure>
                <RequestedProc>48</RequestedProc>
                <PreviousProc>07</PreviousProc>
            </Procedure>
            <ImportArea>
                <ImportArea>EUOTH</ImportArea>
            </ImportArea>
            <MeasureProcedureImported>
                <Indicator>0</Indicator>
                <SupplementaryUnits>2.2</SupplementaryUnits>
                <MeasurementUnit>04</MeasurementUnit>
            </MeasureProcedureImported>
            <SpecialReferences>
                <AdditionalInformation>Special references for goods</AdditionalInformation>
            </SpecialReferences>
        </ImportedQuantity>
        <MeasureImported>
            <SupplementaryUnits>2.2</SupplementaryUnits>
            <MeasurementUnit>04</MeasurementUnit>
        </MeasureImported>
 		<SupportingDocuments>
         <SequenceNumber>1</SequenceNumber>
         <Type>01</Type>
         <Country>BS</Country>
         <ReferenceNumber>01 Reference number</ReferenceNumber>
         <LineItemNumber>11111</LineItemNumber>
         <IssuingAuthName>Issuing authority name</IssuingAuthName>
         <ValidityStartDate>2024-01-01</ValidityStartDate>
         <ValidityEndDate>2024-01-01</ValidityEndDate>
         <Description>Description</Description>
		 <Attachment>
		<Filename>Supporting_document_03.jpg</Filename>
		<MIME>image/jpeg</MIME>
        <Binary />
		</Attachment>
      </SupportingDocuments>
        <Remarks>
            <AdditionalInformation>Goods' additional information</AdditionalInformation>
        </Remarks>
        <GoodsEmissions>
            <SequenceNumber>1</SequenceNumber>
            <ProductionCountry>US</ProductionCountry>
            <InstallationOperator>
                <OperatorId>OP07-0003</OperatorId>
                <OperatorName>Goldfinder, Inc.</OperatorName>
                <OperatorAddress>
                    <Country>US</Country>
                    <SubDivision>USA Subdivision</SubDivision>
                    <City>Fort Knox</City>
                    <Street>Fort Knox Street</Street>
                    <StreetAdditionalLine>Fort Knox Street Additional line</StreetAdditionalLine>
                    <Number>10</Number>
                    <Postcode>40107</Postcode>
                    <POBox>PO BOX 40107</POBox>
                </OperatorAddress>
                <ContactDetails>
                    <Name>OP07-0003 Contact name</Name>
                    <Phone>(502) 943-1000</Phone>
                    <Email>OP07-0003@cbam.com</Email>
                </ContactDetails>
            </InstallationOperator>
            <Installation>
                <InstallationId>IN04</InstallationId>
                <InstallationName>Fort Knox Metal works</InstallationName>
                <Address>
                    <EstablishmentCountry>US</EstablishmentCountry>
                    <SubDivision>USA Sub-division</SubDivision>
                    <City>Fort Knox</City>
                    <Street>Fort Knox Street</Street>
                    <StreetAdditionalLine>Fort Knox Street Additional line</StreetAdditionalLine>
                    <Number>10</Number>
                    <Postcode>40107</Postcode>
                    <POBox>PO BOX 40107</POBox>
                    <PlotParcelNumber>IN04-40107</PlotParcelNumber>
                    <Latitude>37.8976552</Latitude>
                    <Longitude>-85.9038521</Longitude>
                    <CoordinatesType>01</CoordinatesType>
                </Address>
            </Installation>
            <ProducedMeasure>
                <SupplementaryUnits>2.2</SupplementaryUnits>
                <MeasurementUnit>04</MeasurementUnit>
            </ProducedMeasure>
            <DirectEmissions>
                <DeterminationType>01</DeterminationType>
                <ApplicableReportingTypeMethodology>TOM02</ApplicableReportingTypeMethodology>
                <ApplicableReportingMethodology>Applicable reporting methodology</ApplicableReportingMethodology>
                <SpecificEmbeddedEmissions>2.32</SpecificEmbeddedEmissions>
                <MeasurementUnit>EMU1</MeasurementUnit>
            </DirectEmissions>
            <IndirectEmissions>
                <DeterminationType>01</DeterminationType>
                <EmissionFactorSource>01</EmissionFactorSource>
                <EmissionFactor>3.21</EmissionFactor>
                <SpecificEmbeddedEmissions>8.025</SpecificEmbeddedEmissions>
                <MeasurementUnit>EMU1</MeasurementUnit>
                <ElectricityConsumed>2.5</ElectricityConsumed>
                <ElectricitySource>SOE03</ElectricitySource>
                <OtherSourceIndication>Other source indication</OtherSourceIndication>
                <EmissionFactorSourceValue>Source of emissions factor value</EmissionFactorSourceValue>
            </IndirectEmissions>
           <ProdMethodQualifyingParams>
                <SequenceNumber>1</SequenceNumber>
                <MethodId>P13</MethodId>
                <SteelMillNumber>Identification number of the specific steel mill</SteelMillNumber>
                <AdditionalInformation>Additional information</AdditionalInformation>
                <Year>2024</Year>
            </ProdMethodQualifyingParams>
            
            <CarbonPriceDue>
                <SequenceNumber>1</SequenceNumber>
                <InstrumentType>02</InstrumentType>
                <LegalActDescription>Description and indication of legal act</LegalActDescription>
                <Amount>328.5</Amount>
                <Currency>USD</Currency>
                <Country>US</Country>
                <ProductsCovered>
                    <SequenceNumber>1</SequenceNumber>
                    <Type>TPC01</Type>
                    <CN>76090000</CN>
                    <QuantityCovered>10</QuantityCovered>
                    <QuantityCoveredFreeAloc>10</QuantityCoveredFreeAloc>
                    <AdditionalInformation>Additional information</AdditionalInformation>
                    <Measure>
                        <SupplementaryUnits>10</SupplementaryUnits>
                        <MeasurementUnit>03</MeasurementUnit>
                    </Measure>
                </ProductsCovered>
            </CarbonPriceDue>
            <RemarksEmissions>
                <SequenceNumber>0</SequenceNumber>
                <AdditionalInformation>Emission's additional information</AdditionalInformation>
            </RemarksEmissions>
        </GoodsEmissions>
    </ImportedGood>
    <ImportedGood>
        <ItemNumber>3</ItemNumber>
        <CommodityCode>
            <HsCode>720610</HsCode>
            <CnCode>72061000</CnCode>
            <CommodityDetails />
        </CommodityCode>
        <OriginCountry>
            <Country>CN</Country>
        </OriginCountry>
        <ImportedQuantity>
            <SequenceNumber>1</SequenceNumber>
            <Procedure>
                <RequestedProc>01</RequestedProc>
                <PreviousProc>40</PreviousProc>
            </Procedure>
            <ImportArea>
                <ImportArea>EU</ImportArea>
            </ImportArea>
            
            <MeasureProcedureImported>
                <Indicator>0</Indicator>
                <NetMass>1.5</NetMass>
                <MeasurementUnit>01</MeasurementUnit>
            </MeasureProcedureImported>
            <SpecialReferences>
                <AdditionalInformation>Special references for goods</AdditionalInformation>
            </SpecialReferences>
        </ImportedQuantity>
        <MeasureImported>
            <NetMass>1.50</NetMass>
            <MeasurementUnit>01</MeasurementUnit>
        </MeasureImported>
        <Remarks>
            <AdditionalInformation>Goods' additional information</AdditionalInformation>
        </Remarks>
        <GoodsEmissions>
            <SequenceNumber>1</SequenceNumber>
            <ProductionCountry>CN</ProductionCountry>
            <InstallationOperator>
                <OperatorId>OP05-0002</OperatorId>
                <OperatorName>CN Steel Operator LTD</OperatorName>
                <OperatorAddress>
                    <Country>CM</Country>
                    <SubDivision>China Subdivision</SubDivision>
                    <City>Shanghai</City>
                    <Street>Shanghai Street</Street>
                    <StreetAdditionalLine>Shanghai Street Additional line</StreetAdditionalLine>
                    <Number>5</Number>
                    <Postcode>200042</Postcode>
                    <POBox>PO BOX 200042</POBox>
                </OperatorAddress>
                <ContactDetails>
                    <Name>OP05-0002 Contact name</Name>
                    <Phone>00860211234-5678</Phone>
                    <Email>OP05-0002@cbam.com</Email>
                </ContactDetails>
            </InstallationOperator>
            <Installation>
                <InstallationId>IN06</InstallationId>
                <InstallationName>Pumaaa Steel Co., Ltd</InstallationName>
                <Address>
                    <EstablishmentCountry>CN</EstablishmentCountry>
                    <SubDivision>China Sub-division</SubDivision>
                    <City>Wuxi</City>
                    <Street>Wuxi Street</Street>
                    <Postcode>213104</Postcode>
                    <POBox>PO BOX 213104</POBox>
                    <PlotParcelNumber>IN06-213104</PlotParcelNumber>
                    <Latitude>31.4934662</Latitude>
                    <Longitude>120.307684</Longitude>
                    <CoordinatesType>01</CoordinatesType>
                </Address>
            </Installation>
            <ProducedMeasure>
                <NetMass>1.50</NetMass>
                <MeasurementUnit>01</MeasurementUnit>
            </ProducedMeasure>
            <DirectEmissions>
                <DeterminationType>01</DeterminationType>
                <ApplicableReportingTypeMethodology>TOM02</ApplicableReportingTypeMethodology>
                <ApplicableReportingMethodology>Applicable reporting methodology</ApplicableReportingMethodology>
                <SpecificEmbeddedEmissions>5</SpecificEmbeddedEmissions>
                <MeasurementUnit>EMU1</MeasurementUnit>
            </DirectEmissions>
            <IndirectEmissions>
                <DeterminationType>01</DeterminationType>
                <EmissionFactorSource>01</EmissionFactorSource>
                <EmissionFactor>3.21</EmissionFactor>
                <SpecificEmbeddedEmissions>8.025</SpecificEmbeddedEmissions>
                <MeasurementUnit>EMU1</MeasurementUnit>
                <ElectricityConsumed>2.5</ElectricityConsumed>
                <ElectricitySource>SOE03</ElectricitySource>
                <OtherSourceIndication>Other source indication</OtherSourceIndication>
                <EmissionFactorSourceValue>Source of emissions factor value</EmissionFactorSourceValue>
            </IndirectEmissions>
           <ProdMethodQualifyingParams>
                <SequenceNumber>1</SequenceNumber>
                <MethodId>P24</MethodId>
                <DirectQualifyingParameters>
                    <SequenceNumber>1</SequenceNumber>
                    <ParameterId>QPD18</ParameterId>
                    <ParameterValue>5</ParameterValue>
                    <AdditionalInformation>TEST</AdditionalInformation>
                </DirectQualifyingParameters>
                <Year>2024</Year>
            </ProdMethodQualifyingParams>
            <CarbonPriceDue>
                <SequenceNumber>1</SequenceNumber>
                <InstrumentType>03</InstrumentType>
                <LegalActDescription>Description and indication of legal act</LegalActDescription>
                <Amount>534</Amount>
                <Currency>CNY</Currency>
                <Country>IN</Country>
                <ProductsCovered>
                    <SequenceNumber>1</SequenceNumber>
                    <Type>TPC01</Type>
                    <CN>72061000</CN>
                    <QuantityCovered>8</QuantityCovered>
                    <QuantityCoveredFreeAloc>8</QuantityCoveredFreeAloc>
                    <AdditionalInformation>Additional information</AdditionalInformation>
                    <Measure>
                        <NetMass>8</NetMass>
                        <MeasurementUnit>01</MeasurementUnit>
                    </Measure>
                </ProductsCovered>
            </CarbonPriceDue>
            <RemarksEmissions>
                <SequenceNumber>0</SequenceNumber>
                <AdditionalInformation>Additional information</AdditionalInformation>
            </RemarksEmissions>
        </GoodsEmissions>
    </ImportedGood>
    <ImportedGood>
        <ItemNumber>4</ItemNumber>
        <CommodityCode>
            <HsCode>280800</HsCode>
            <CnCode>28080000</CnCode>
            <CommodityDetails />
        </CommodityCode>
        <OriginCountry>
            <Country>CA</Country>
        </OriginCountry>
        <ImportedQuantity>
            <SequenceNumber>1</SequenceNumber>
            <Procedure>
                <RequestedProc>07</RequestedProc>
                <PreviousProc>42</PreviousProc>
            </Procedure>
            <ImportArea>
                <ImportArea>EU</ImportArea>
            </ImportArea>
            <MeasureProcedureImported>
                <Indicator>0</Indicator>
                <NetMass>1.2</NetMass>
                <MeasurementUnit>01</MeasurementUnit>
            </MeasureProcedureImported>
            <SpecialReferences>
                <AdditionalInformation>Special references for goods</AdditionalInformation>
            </SpecialReferences>
        </ImportedQuantity>
        <MeasureImported>
            <NetMass>1.2</NetMass>
            <MeasurementUnit>01</MeasurementUnit>
        </MeasureImported>
         <Remarks>
            <AdditionalInformation>Goods' additional information</AdditionalInformation>
        </Remarks>
        <GoodsEmissions>
            <SequenceNumber>1</SequenceNumber>
            <ProductionCountry>CA</ProductionCountry>
            <InstallationOperator>
                <OperatorId>OP03-0001</OperatorId>
                <OperatorName>Carousel Logistics LTD</OperatorName>
                <OperatorAddress>
                    <Country>CA</Country>
                    <SubDivision>Canada Subdivision</SubDivision>
                    <City>Vancouver</City>
                    <Street>Vancouver Street</Street>
                    <StreetAdditionalLine>Vancouver Street Additional line</StreetAdditionalLine>
                    <Number>3</Number>
                    <Postcode>V7P</Postcode>
                    <POBox>PO BOX V7P</POBox>
                </OperatorAddress>
                <ContactDetails>
                    <Name>OP03-0001 Contact name</Name>
                    <Phone>(250) 555-0199</Phone>
                    <Email>OP03-0001@cbam.com</Email>
                </ContactDetails>
            </InstallationOperator>
            <Installation>
                <InstallationId>IN02</InstallationId>
                <InstallationName>JMA Steel Factory INC</InstallationName>
                <Address>
                    <EstablishmentCountry>CA</EstablishmentCountry>
                    <SubDivision>Canada Sub-division</SubDivision>
                    <City>Vancouver</City>
                    <Street>Vancouver Street</Street>
                    <StreetAdditionalLine>Vancouver Street Additional line</StreetAdditionalLine>
                    <Number>4</Number>
                    <Postcode>34025</Postcode>
                    <POBox>PO BOX 34025</POBox>
                    <PlotParcelNumber>IN02-34025</PlotParcelNumber>
                    <Latitude>49.2608724</Latitude>
                    <Longitude>-123.113952</Longitude>
                    <CoordinatesType>01</CoordinatesType>
                </Address>
            </Installation>
            <ProducedMeasure>
                <NetMass>1.2</NetMass>
                <MeasurementUnit>01</MeasurementUnit>
            </ProducedMeasure>
            <DirectEmissions>
                <DeterminationType>01</DeterminationType>
                <ApplicableReportingTypeMethodology>TOM01</ApplicableReportingTypeMethodology>
                <SpecificEmbeddedEmissions>1.2</SpecificEmbeddedEmissions>
                <MeasurementUnit>EMU1</MeasurementUnit>
            </DirectEmissions>
            <IndirectEmissions>
                <DeterminationType>01</DeterminationType>
                <EmissionFactorSource>01</EmissionFactorSource>
                <EmissionFactor>3.21</EmissionFactor>
                <SpecificEmbeddedEmissions>8.025</SpecificEmbeddedEmissions>
                <MeasurementUnit>EMU1</MeasurementUnit>
                <ElectricityConsumed>2.5</ElectricityConsumed>
                <ElectricitySource>SOE03</ElectricitySource>
                <OtherSourceIndication>Other source indication</OtherSourceIndication>
                <EmissionFactorSourceValue>Source of emissions factor value</EmissionFactorSourceValue>
            </IndirectEmissions>
             <ProdMethodQualifyingParams>
                <SequenceNumber>1</SequenceNumber>
                <MethodId>P17</MethodId>
                <DirectQualifyingParameters>
                    <SequenceNumber>1</SequenceNumber>
                    <ParameterId>QPD04</ParameterId>
                    <ParameterValue>83</ParameterValue>
                    <AdditionalInformation>TEST</AdditionalInformation>
                </DirectQualifyingParameters>
                <Year>2024</Year>
            </ProdMethodQualifyingParams>
            <CarbonPriceDue>
                <SequenceNumber>1</SequenceNumber>
                <InstrumentType>04</InstrumentType>
                <LegalActDescription>Description and indication of legal act</LegalActDescription>
                <Amount>675</Amount>
                <Currency>GBP</Currency>
                <Country>CA</Country>
                <ProductsCovered>
                    <SequenceNumber>1</SequenceNumber>
                    <Type>TPC01</Type>
                    <CN>28080000</CN>
                    <QuantityCovered>10</QuantityCovered>
                    <QuantityCoveredFreeAloc>10</QuantityCoveredFreeAloc>
                    <AdditionalInformation>Additional information</AdditionalInformation>
                    <Measure>
                        <NetMass>10</NetMass>
                        <MeasurementUnit>01</MeasurementUnit>
                    </Measure>
                </ProductsCovered>
            </CarbonPriceDue>
            <RemarksEmissions>
                <SequenceNumber>0</SequenceNumber>
                <AdditionalInformation>Additional information</AdditionalInformation>
            </RemarksEmissions>
        </GoodsEmissions>
    </ImportedGood>
    <ImportedGood>
        <ItemNumber>5</ItemNumber>
        <CommodityCode>
            <HsCode>250700</HsCode>
            <CnCode>25070080</CnCode>
            <CommodityDetails />
        </CommodityCode>
        <OriginCountry>
            <Country>BS</Country>
        </OriginCountry>
        <ImportedQuantity>
            <SequenceNumber>1</SequenceNumber>
            <Procedure>
                <RequestedProc>40</RequestedProc>
            </Procedure>
            <ImportArea>
                <ImportArea>EU</ImportArea>
            </ImportArea>
            <MeasureProcedureImported>
                <Indicator>0</Indicator>
                <NetMass>150</NetMass>
                <MeasurementUnit>01</MeasurementUnit>
            </MeasureProcedureImported>
            <SpecialReferences>
                <AdditionalInformation>Special references for goods</AdditionalInformation>
            </SpecialReferences>
        </ImportedQuantity>
        <MeasureImported>
            <NetMass>150</NetMass>
            <MeasurementUnit>01</MeasurementUnit>
        </MeasureImported>
        <Remarks>
            <AdditionalInformation>Goods' additional information</AdditionalInformation>
        </Remarks>
        <GoodsEmissions>
            <SequenceNumber>1</SequenceNumber>
            <ProductionCountry>BS</ProductionCountry>
            <InstallationOperator>
                <OperatorId>OP07-0004</OperatorId>
                <OperatorName>Thunderball</OperatorName>
                <OperatorAddress>
                    <Country>BS</Country>
                    <SubDivision>Bahamas Subdivision</SubDivision>
                    <City>Nassau</City>
                    <Street>Nassau Street</Street>
                    <StreetAdditionalLine>Nassau Street Additional line</StreetAdditionalLine>
                    <Number>7</Number>
                    <Postcode>-</Postcode>
                    <POBox>PO BOX -</POBox>
                </OperatorAddress>
                <ContactDetails>
                    <Name>OP07-0004 Contact name</Name>
                    <Phone>+1-123456 (EXT) 322</Phone>
                    <Email>OP07-0004@cbam.com</Email>
                </ContactDetails>
            </InstallationOperator>
            <Installation>
                <InstallationId>IN05</InstallationId>
                <InstallationName>Largo Furnaces</InstallationName>
                <Address>
                    <EstablishmentCountry>BS</EstablishmentCountry>
                    <SubDivision>Bahamas Sub-division</SubDivision>
                    <City>Nassau</City>
                    <Street>Nassau Street</Street>
                    <StreetAdditionalLine>Nassau Street Additional line</StreetAdditionalLine>
                    <Number>7</Number>
                    <Postcode>-</Postcode>
                    <POBox>PO BOX -</POBox>
                    <PlotParcelNumber>IN05--</PlotParcelNumber>
                    <Latitude>25.0782266</Latitude>
                    <Longitude>-77.3383438</Longitude>
                    <CoordinatesType>01</CoordinatesType>
                </Address>
            </Installation>
            <ProducedMeasure>
                <NetMass>150</NetMass>
                <MeasurementUnit>01</MeasurementUnit>
            </ProducedMeasure>
            <DirectEmissions>
                <DeterminationType>01</DeterminationType>
                <ApplicableReportingTypeMethodology>TOM01</ApplicableReportingTypeMethodology>
                <SpecificEmbeddedEmissions>1.12</SpecificEmbeddedEmissions>
                <MeasurementUnit>EMU1</MeasurementUnit>
            </DirectEmissions>
            <IndirectEmissions>
                <DeterminationType>01</DeterminationType>
                <EmissionFactorSource>02</EmissionFactorSource>
                <EmissionFactor>0.4795</EmissionFactor>
                <SpecificEmbeddedEmissions>13.44</SpecificEmbeddedEmissions>
                <MeasurementUnit>EMU1</MeasurementUnit>
                <ElectricityConsumed>13.44</ElectricityConsumed>
                <ElectricitySource>SOE02</ElectricitySource>
                <OtherSourceIndication>Other source indication</OtherSourceIndication>
            </IndirectEmissions>
            <ProdMethodQualifyingParams>
                <SequenceNumber>1</SequenceNumber>
                <MethodId>P01</MethodId>
                <SteelMillNumber>Identification number of the specific steel mill</SteelMillNumber>
                <AdditionalInformation>Additional information</AdditionalInformation>
                <Year>2024</Year>
            </ProdMethodQualifyingParams>
					<SupportingDocuments>
            <SequenceNumber>1</SequenceNumber>
            <Type>TED05</Type>
            <Country>TR</Country>
            <ReferenceNumber>TED05 Reference number</ReferenceNumber>
            <LineItemNumber>1235</LineItemNumber>
            <IssuingAuthName>Issuing authority name</IssuingAuthName>
            <ValidityStartDate>2024-01-01</ValidityStartDate>
            <ValidityEndDate>2024-01-01</ValidityEndDate>
            <Description>Description</Description>
			<Attachment>
			<Filename>Supporting_document_06.xlsx</Filename>
			<MIME>application/vnd.openxmlformats-officedocument.spreadsheetml.sheet</MIME>
            <Binary />
		 </Attachment>
         </SupportingDocuments>
            <RemarksEmissions>
                <SequenceNumber>0</SequenceNumber>
                <AdditionalInformation>Emission's additional information</AdditionalInformation>
            </RemarksEmissions>
        </GoodsEmissions>
    </ImportedGood>
    <ImportedGood>
        <ItemNumber>6</ItemNumber>
        <CommodityCode>
            <HsCode>271600</HsCode>
            <CnCode>27160000</CnCode>
            <CommodityDetails />
        </CommodityCode>
        <OriginCountry>
            <Country>TR</Country>
        </OriginCountry>
        <ImportedQuantity>
            <SequenceNumber>1</SequenceNumber>
            <Procedure>
                <RequestedProc>43</RequestedProc>
                <PreviousProc>42</PreviousProc>
            </Procedure>
            <ImportArea>
                <ImportArea>EUOTH</ImportArea>
            </ImportArea>
            <MeasureProcedureImported>
                <Indicator>0</Indicator>
                <SupplementaryUnits>28</SupplementaryUnits>
                <MeasurementUnit>03</MeasurementUnit>
            </MeasureProcedureImported>
            <MeasureProcedureImported>
                <Indicator>0</Indicator>
                <SupplementaryUnits>100</SupplementaryUnits>
                <MeasurementUnit>03</MeasurementUnit>
            </MeasureProcedureImported>
            <SpecialReferences>
                <AdditionalInformation>Special references for goods</AdditionalInformation>
            </SpecialReferences>
        </ImportedQuantity>
        <MeasureImported>
            <SupplementaryUnits>128</SupplementaryUnits>
            <MeasurementUnit>03</MeasurementUnit>
        </MeasureImported>
        <Remarks>
            <AdditionalInformation>Goods' additional information</AdditionalInformation>
        </Remarks>
        <GoodsEmissions>
            <SequenceNumber>1</SequenceNumber>
            <ProductionCountry>TR</ProductionCountry>
            <InstallationOperator>
                <OperatorId>OP04-0001</OperatorId>
                <OperatorName>TR Steel Operator LTD</OperatorName>
                <OperatorAddress>
                    <Country>TR</Country>
                    <SubDivision>Turkey Subdivision</SubDivision>
                    <City>Istanbul</City>
                    <Street>Istanbul Street</Street>
                    <StreetAdditionalLine>Istanbul Street Additional line</StreetAdditionalLine>
                    <Number>4</Number>
                    <Postcode>34025</Postcode>
                    <POBox>PO BOX 34025</POBox>
                </OperatorAddress>
                <ContactDetails>
                    <Name>OP04-0001 Contact name</Name>
                    <Phone>901234567</Phone>
                    <Email>OP04-0001@cbam.com</Email>
                </ContactDetails>
            </InstallationOperator>
            <Installation>
                <InstallationId>IN01</InstallationId>
                <InstallationName>Bursa steel factory INC</InstallationName>
                <Address>
                    <EstablishmentCountry>TR</EstablishmentCountry>
                    <SubDivision>Turkey Sub-division</SubDivision>
                    <City>Istanbul</City>
                    <Street>Istanbul Street</Street>
                    <StreetAdditionalLine>Istanbul Street Additional line</StreetAdditionalLine>
                    <Number>3</Number>
                    <Postcode>V7P</Postcode>
                    <POBox>PO BOX V7P</POBox>
                    <PlotParcelNumber>IN01-V7P</PlotParcelNumber>
                    <Latitude>41.0091982</Latitude>
                    <Longitude>28.9662187</Longitude>
                    <CoordinatesType>01</CoordinatesType>
                </Address>
            </Installation>
            <ProducedMeasure>
                <SupplementaryUnits>128</SupplementaryUnits>
                <MeasurementUnit>03</MeasurementUnit>
            </ProducedMeasure>
            <DirectEmissions>
                <DeterminationTypeElectricity>02</DeterminationTypeElectricity>
                <ApplicableReportingTypeMethodology>TOM02</ApplicableReportingTypeMethodology>
                <ApplicableReportingMethodology>Applicable reporting methodology</ApplicableReportingMethodology>
                <EmissionFactorSourceElectricity>01</EmissionFactorSourceElectricity>
				<EmissionFactor>1</EmissionFactor>
                <MeasurementUnit>EMU1</MeasurementUnit>
				<EmissionFactorSourceValue>Source of emissions factor value</EmissionFactorSourceValue>
            </DirectEmissions>
            <ProdMethodQualifyingParams>
                <SequenceNumber>1</SequenceNumber>
                <MethodId>P01</MethodId>
                <SteelMillNumber>Identification number of the specific steel mill</SteelMillNumber>
                <AdditionalInformation>Additional information</AdditionalInformation>
                <Year>2024</Year>
            </ProdMethodQualifyingParams>
            <RemarksEmissions>
                <SequenceNumber>0</SequenceNumber>
                <AdditionalInformation>Additional information</AdditionalInformation>
            </RemarksEmissions>
        </GoodsEmissions>
    </ImportedGood>
</QReport>